Values,Timestamp,EDA_Raw,EDA_Clean,EDA_Tonic,EDA_Phasic,SCR_Onsets,SCR_Peaks,SCR_Height,SCR_Amplitude,SCR_RiseTime,SCR_Recovery,SCR_RecoveryTime
0.11457185447216034,2024-05-17 16:25:44.199709177+00:00,0.11458625892798106,0.11458625892798106,0.11437881415718922,0.00020744499829489834,0,0,0.0,0.0,0.0,0,0.0
0.1146150678396225,2024-05-17 16:25:44.449692965+00:00,0.11458625892798106,0.11458625892798106,0.11503372935378135,-0.0004474701168590955,0,0,0.0,0.0,0.0,0,0.0
0.11457185447216034,2024-05-17 16:25:44.699676514+00:00,0.11458625892798106,0.11458625892798106,0.1156805143673764,-0.001094255041466036,0,0,0.0,0.0,0.0,0,0.0
0.11457185447216034,2024-05-17 16:25:44.949660301+00:00,0.11458625892798106,0.11458625892798106,0.11631670027025269,-0.00173044084749816,1,0,0.0,0.0,0.0,0,0.0
0.1146150678396225,2024-05-17 16:25:45.199644089+00:00,0.1160649706919988,0.1160649706919988,0.11693978014795196,-0.0008748088561887175,0,0,0.0,0.0,0.0,0,0.0
0.11900798976421356,2024-05-17 16:25:45.449627876+00:00,0.11839826156695683,0.11839826156695683,0.11754720454699066,0.0008510577331401646,0,0,0.0,0.0,0.0,0,0.0
0.12157172709703445,2024-05-17 16:25:45.699611664+00:00,0.12170615543921788,0.12170615543921788,0.11813640902625867,0.0035697472482100296,0,0,0.0,0.0,0.0,0,0.0
0.12453874945640564,2024-05-17 16:25:45.949595451+00:00,0.12490842491388321,0.12490842491388321,0.11870487764897387,0.006203548231125651,0,0,0.0,0.0,0.0,0,0.0
0.12861479818820953,2024-05-17 16:25:46.199579239+00:00,0.12746256093184152,0.12746256093184152,0.11925023021582729,0.008212331822274096,0,0,0.0,0.0,0.0,0,0.0
0.12923413515090942,2024-05-17 16:25:46.449563026+00:00,0.12887405852476755,0.12887405852476755,0.11977031120098935,0.009103748579311975,0,0,0.0,0.0,0.0,0,0.0
0.12877324223518372,2024-05-17 16:25:46.699546814+00:00,0.12969503303368887,0.12969503303368887,0.12026325931970369,0.009431775128133358,0,0,0.0,0.0,0.0,0,0.0
0.13107772171497345,2024-05-17 16:25:46.949530363+00:00,0.1301607290903727,0.1301607290903727,0.12072754881802722,0.00943318185451049,0,0,0.0,0.0,0.0,0,0.0
0.130631223320961,2024-05-17 16:25:47.199514151+00:00,0.1306456277767817,0.1306456277767817,0.12116200757612845,0.009483621960245407,0,1,0.009483621960245407,0.011214062807743567,2.2498538291052745,0,0.0
0.1302279382944107,2024-05-17 16:25:47.449497938+00:00,0.13011751572291055,0.13011751572291055,0.12156582063856074,0.008551697030726842,0,0,0.0,0.0,0.0,0,0.0
0.12949338555335999,2024-05-17 16:25:47.699481726+00:00,0.13000229001045227,0.13000229001045227,0.12193852168675258,0.008063770466099452,0,0,0.0,0.0,0.0,0,0.0
0.13028554618358612,2024-05-17 16:25:47.949465513+00:00,0.12948858241240183,0.12948858241240183,0.12227997351440854,0.0072086112454594195,0,0,0.0,0.0,0.0,0,0.0
0.1286868155002594,2024-05-17 16:25:48.199449301+00:00,0.1291333089272181,0.1291333089272181,0.12259034255672502,0.00654296893179321,0,0,0.0,0.0,0.0,0,0.0
0.12842756509780884,2024-05-17 16:25:48.449433088+00:00,0.12837955355644226,0.12837955355644226,0.12287007099062175,0.005509485349356517,0,0,0.0,0.0,0.0,0,0.0
0.12802428007125854,2024-05-17 16:25:48.699416876+00:00,0.12797147035598755,0.12797147035598755,0.12311984649168596,0.0048516268780118745,0,0,0.0,0.0,0.0,0,0.0
0.12746256589889526,2024-05-17 16:25:48.949400425+00:00,0.1274817685286204,0.1274817685286204,0.12334057111848049,0.004141200661393124,0,0,0.0,0.0,0.0,0,0.0
0.1269584596157074,2024-05-17 16:25:49.199384212+00:00,0.12680482864379883,0.12680482864379883,0.1235333316319254,0.0032715005073534233,0,0,0.0,0.0,0.0,1,1.9998700703157994
0.12599346041679382,2024-05-17 16:25:49.449368+00:00,0.1261374851067861,0.1261374851067861,0.12369937033518073,0.0024381185171871564,0,0,0.0,0.0,0.0,0,0.0
0.12546053528785706,2024-05-17 16:25:49.699351788+00:00,0.12526370088259378,0.12526370088259378,0.12384005394539897,0.0014236509378112924,0,0,0.0,0.0,0.0,0,0.0
0.1243371069431305,2024-05-17 16:25:49.949335575+00:00,0.12493242820103963,0.12493242820103963,0.12395684096528892,0.0009755914952496482,0,0,0.0,0.0,0.0,0,0.0
0.12499964237213135,2024-05-17 16:25:50.199319363+00:00,0.12480280299981435,0.12480280299981435,0.12405125236420815,0.0007515551565977592,0,0,0.0,0.0,0.0,0,0.0
0.1250716596841812,2024-05-17 16:25:50.449303150+00:00,0.12499484171470006,0.12499484171470006,0.1241248516674488,0.0008699948309455838,0,0,0.0,0.0,0.0,0,0.0
0.12491322308778763,2024-05-17 16:25:50.699286938+00:00,0.12412105997403462,0.12412105997403462,0.12417923398436184,-5.8168964292436634e-05,0,0,0.0,0.0,0.0,0,0.0
0.12237829715013504,2024-05-17 16:25:50.949270487+00:00,0.12378498911857605,0.12378498911857605,0.12421601476549254,-0.0004310203406582922,0,0,0.0,0.0,0.0,0,0.0
0.12406344711780548,2024-05-17 16:25:51.199254274+00:00,0.12289200226465861,0.12289200226465861,0.12423681139962289,-0.0013448035725467863,0,0,0.0,0.0,0.0,0,0.0
0.12223426252603531,2024-05-17 16:25:51.449238062+00:00,0.12230627983808517,0.12230627983808517,0.12424321920224976,-0.0019369335518011604,0,0,0.0,0.0,0.0,0,0.0
0.12062112987041473,2024-05-17 16:25:51.699221849+00:00,0.12155252198378245,0.12155252198378245,0.12423678516571106,-0.002684257128193779,0,0,0.0,0.0,0.0,0,0.0
0.12180217355489731,2024-05-17 16:25:51.949205637+00:00,0.1213748852411906,0.1213748852411906,0.12421898239597541,-0.0028440908708356454,0,0,0.0,0.0,0.0,0,0.0
0.12170135229825974,2024-05-17 16:25:52.199189425+00:00,0.12176856646935146,0.12176856646935146,0.12419119109106955,-0.002422618121524749,0,0,0.0,0.0,0.0,0,0.0
0.12180217355489731,2024-05-17 16:25:52.449173212+00:00,0.12166294455528259,0.12166294455528259,0.12415469157566364,-0.002491740320966102,0,0,0.0,0.0,0.0,0,0.0
0.12148530781269073,2024-05-17 16:25:52.699157+00:00,0.12152371555566788,0.12152371555566788,0.1241106661366904,-0.0025869437027083862,0,0,0.0,0.0,0.0,0,0.0
0.12128366529941559,2024-05-17 16:25:52.949140787+00:00,0.12123085310061772,0.12123085310061772,0.12406020018623466,-0.002829340052280827,0,0,0.0,0.0,0.0,0,0.0
0.12092358618974686,2024-05-17 16:25:53.199124336+00:00,0.12134607632954915,0.12134607632954915,0.12400427934381994,-0.0026581958536064532,0,0,0.0,0.0,0.0,0,0.0
0.12183097749948502,2024-05-17 16:25:53.449108124+00:00,0.12141809115807216,0.12141809115807216,0.12394378684615587,-0.002525688431869043,0,0,0.0,0.0,0.0,0,0.0
0.12149970978498459,2024-05-17 16:25:53.699091911+00:00,0.12173495938380559,0.12173495938380559,0.12387950562760242,-0.0021445389281662232,0,0,0.0,0.0,0.0,0,0.0
0.12187419086694717,2024-05-17 16:25:53.949075699+00:00,0.12173495938380559,0.12173495938380559,0.12381212506054148,-0.0020771583424561554,0,0,0.0,0.0,0.0,0,0.0
0.12183097749948502,2024-05-17 16:25:54.199059486+00:00,0.12173976004123688,0.12173976004123688,0.12374224889426985,-0.002002481545781312,0,0,0.0,0.0,0.0,0,0.0
0.12151411175727844,2024-05-17 16:25:54.449043274+00:00,0.12178296844164531,0.12178296844164531,0.12367040115187153,-0.0018874254808690588,0,0,0.0,0.0,0.0,0,0.0
0.12200381606817245,2024-05-17 16:25:54.699027061+00:00,0.12228707472483318,0.12228707472483318,0.12359703122011771,-0.001309949400155021,0,0,0.0,0.0,0.0,0,0.0
0.12334329634904861,2024-05-17 16:25:54.949010849+00:00,0.12259913980960846,0.12259913980960846,0.1235225227904899,-0.0009233760820539659,0,0,0.0,0.0,0.0,0,0.0
0.12245030701160431,2024-05-17 16:25:55.198994398+00:00,0.12268075595299403,0.12268075595299403,0.12344720744613197,-0.0007664448586974801,0,0,0.0,0.0,0.0,0,0.0
0.12224866449832916,2024-05-17 16:25:55.448978186+00:00,0.12225346763928731,0.12225346763928731,0.12337137662323863,-0.0011179026882550424,0,0,0.0,0.0,0.0,0,0.0
0.12206143140792847,2024-05-17 16:25:55.698961973+00:00,0.12193180123964946,0.12193180123964946,0.12329528497970091,-0.001363477863980217,0,0,0.0,0.0,0.0,0,0.0
0.12148530781269073,2024-05-17 16:25:55.948945761+00:00,0.12226787209510803,0.12226787209510803,0.12321914642947025,-0.0009512689655590006,0,0,0.0,0.0,0.0,0,0.0
0.1232568770647049,2024-05-17 16:25:56.198929548+00:00,0.12268555909395218,0.12268555909395218,0.12314313276120575,-0.0004575689003457791,0,0,0.0,0.0,0.0,0,0.0
0.12331449240446091,2024-05-17 16:25:56.448913336+00:00,0.12299762417872746,0.12299762417872746,0.12306738198182089,-6.975373989574941e-05,0,0,0.0,0.0,0.0,0,0.0
0.1224215030670166,2024-05-17 16:25:56.698897123+00:00,0.12273357063531876,0.12273357063531876,0.1229920119631453,-0.0002584380775207735,0,0,0.0,0.0,0.0,0,0.0
0.12246471643447876,2024-05-17 16:25:56.948880911+00:00,0.12234468758106232,0.12234468758106232,0.12291712912628859,-0.0005724392245140633,0,0,0.0,0.0,0.0,0,0.0
0.12214784324169159,2024-05-17 16:25:57.198864460+00:00,0.12229667852322261,0.12229667852322261,0.12284282768677862,-0.0005461478967805349,0,0,0.0,0.0,0.0,0,0.0
0.12227747589349747,2024-05-17 16:25:57.448848248+00:00,0.12232068181037903,0.12232068181037903,0.12276918477510058,-0.0004485028839536372,0,0,0.0,0.0,0.0,0,0.0
0.12253672629594803,2024-05-17 16:25:57.698832035+00:00,0.12225346763928731,0.12225346763928731,0.12269625831482761,-0.00044279192062416576,0,0,0.0,0.0,0.0,0,0.0
0.12194620072841644,2024-05-17 16:25:57.948815823+00:00,0.12229667603969574,0.12229667603969574,0.12262408825022447,-0.0003274149290823934,0,0,0.0,0.0,0.0,0,0.0
0.12240710109472275,2024-05-17 16:25:58.198799610+00:00,0.12223426252603531,0.12223426252603531,0.12255269874199078,-0.00031844056332049455,0,0,0.0,0.0,0.0,0,0.0
0.12234948575496674,2024-05-17 16:25:58.448783398+00:00,0.12238309532403946,0.12238309532403946,0.12248210071193512,-9.901152703057075e-05,0,0,0.0,0.0,0.0,0,0.0
0.1223926991224289,2024-05-17 16:25:58.698767185+00:00,0.12271436552206676,0.12271436552206676,0.12241229613106094,0.0003020612896943557,0,0,0.0,0.0,0.0,0,0.0
0.12340091168880463,2024-05-17 16:25:58.948750973+00:00,0.12287279963493347,0.12287279963493347,0.12234328588065345,0.0005295035131745161,0,0,0.0,0.0,0.0,0,0.0
0.1228247880935669,2024-05-17 16:25:59.198734522+00:00,0.12245030949513118,0.12245030949513118,0.12227507892139451,0.0001752180083208533,0,0,0.0,0.0,0.0,0,0.0
0.121125228703022,2024-05-17 16:25:59.448718309+00:00,0.12207583089669545,0.12207583089669545,0.12220769578163809,-0.00013187996568973627,0,0,0.0,0.0,0.0,0,0.0
0.12227747589349747,2024-05-17 16:25:59.698702097+00:00,0.1216581438978513,0.1216581438978513,0.1221411628529646,-0.0004830367482348225,0,0,0.0,0.0,0.0,0,0.0
0.12157172709703445,2024-05-17 16:25:59.948685884+00:00,0.12173976252476375,0.12173976252476375,0.12207550217052021,-0.00033576035373908213,0,0,0.0,0.0,0.0,0,0.0
0.12137008458375931,2024-05-17 16:26:00.198669672+00:00,0.12157172709703445,0.12157172709703445,0.12201072378036115,-0.000439020513418523,1,0,0.0,0.0,0.0,0,0.0
0.1217733696103096,2024-05-17 16:26:00.448653460+00:00,0.12159573038419087,0.12159573038419087,0.12194682299213255,-0.000351119771358916,0,0,0.0,0.0,0.0,0,0.0
0.12164373695850372,2024-05-17 16:26:00.698637247+00:00,0.12194620321194331,0.12194620321194331,0.12188378129285311,6.239120807562023e-05,0,0,0.0,0.0,0.0,0,0.0
0.1224215030670166,2024-05-17 16:26:00.948621035+00:00,0.12240709861119588,0.12240709861119588,0.12182157215727278,0.0005854919790230234,0,0,0.0,0.0,0.0,0,0.0
0.12315605580806732,2024-05-17 16:26:01.198604822+00:00,0.1225847378373146,0.1225847378373146,0.12176017310511188,0.0008245262762876064,0,1,0.0008245262762876064,0.0012635467897061294,0.9999350351578997,0,0.0
0.1221766546368599,2024-05-17 16:26:01.448588371+00:00,0.12240710109472275,0.12240710109472275,0.12169957932783612,0.0007074791133037685,0,0,0.0,0.0,0.0,0,0.0
0.12188859283924103,2024-05-17 16:26:01.698572159+00:00,0.12183097998301189,0.12183097998301189,0.12163981073025262,0.00019112218680288355,0,0,0.0,0.0,0.0,1,0.49996751757894986
0.12142769247293472,2024-05-17 16:26:01.948555946+00:00,0.12121165047089259,0.12121165047089259,0.12158090752578916,-0.0003693087443553692,0,0,0.0,0.0,0.0,0,0.0
0.12031866610050201,2024-05-17 16:26:02.198539734+00:00,0.12072674930095673,0.12072674930095673,0.1215229159517783,-0.0007962231695366607,0,0,0.0,0.0,0.0,0,0.0
0.12043388932943344,2024-05-17 16:26:02.448523521+00:00,0.1203954815864563,0.1203954815864563,0.12146587033722468,-0.00107045029714441,0,0,0.0,0.0,0.0,0,0.0
0.12043388932943344,2024-05-17 16:26:02.698507309+00:00,0.12041468421618144,0.12041468421618144,0.12140977799556704,-0.00099516054231974,0,0,0.0,0.0,0.0,0,0.0
0.12037627398967743,2024-05-17 16:26:02.948491096+00:00,0.12038107713063557,0.12038107713063557,0.12135461067019428,-0.0009736056960909753,0,0,0.0,0.0,0.0,0,0.0
0.12033306807279587,2024-05-17 16:26:03.198474884+00:00,0.12032826493183772,0.12032826493183772,0.1213003021894428,-0.0009721149703700571,0,0,0.0,0.0,0.0,0,0.0
0.12027545273303986,2024-05-17 16:26:03.448458433+00:00,0.12022264301776886,0.12022264301776886,0.12124674872922556,-0.0010241891259299318,0,0,0.0,0.0,0.0,0,0.0
0.12005940824747086,2024-05-17 16:26:03.698442221+00:00,0.12074115127325058,0.12074115127325058,0.12119381008450254,-0.00045274805278486675,0,0,0.0,0.0,0.0,0,0.0
0.12188859283924103,2024-05-17 16:26:03.948426008+00:00,0.12126446018616359,0.12126446018616359,0.12114131580814483,0.00012304920738097358,0,0,0.0,0.0,0.0,0,0.0
0.12184537947177887,2024-05-17 16:26:04.198409796+00:00,0.12181657552719116,0.12181657552719116,0.12108907981395352,0.0007273945381596696,0,0,0.0,0.0,0.0,0,0.0
0.12171575427055359,2024-05-17 16:26:04.448393583+00:00,0.1216917484998703,0.1216917484998703,0.1210369195153674,0.0006547217599885293,1,0,0.0,0.0,0.0,0,0.0
0.12151411175727844,2024-05-17 16:26:04.698377371+00:00,0.12186458706855774,0.12186458706855774,0.12098467115683732,0.0008798026269701037,0,1,0.0008798026269701037,0.00022508086698157443,0.24998375878947493,0,0.0
0.12236389517784119,2024-05-17 16:26:04.948361158+00:00,0.12158612906932831,0.12158612906932831,0.12093219751281425,0.0006538122390123818,0,0,0.0,0.0,0.0,1,0.24998375878947493
0.1208803802728653,2024-05-17 16:26:05.198344946+00:00,0.12137968589862187,0.12137968589862187,0.12087938933301028,0.0005001712854450121,0,0,0.0,0.0,0.0,0,0.0
0.12089478224515915,2024-05-17 16:26:05.448328495+00:00,0.12082756807406743,0.12082756807406743,0.12082616143127294,1.2755171982726436e-06,0,0,0.0,0.0,0.0,0,0.0
0.12070754170417786,2024-05-17 16:26:05.698312283+00:00,0.1210244099299113,0.1210244099299113,0.12077244471478583,0.00025182841325690786,0,0,0.0,0.0,0.0,0,0.0
0.12147090584039688,2024-05-17 16:26:05.948296070+00:00,0.12076515704393387,0.12076515704393387,0.12071817894954663,4.68358423208645e-05,0,0,0.0,0.0,0.0,0,0.0
0.12011702358722687,2024-05-17 16:26:06.198279858+00:00,0.12090918918450673,0.12090918918450673,0.12066330974209123,0.00024573202835344115,0,0,0.0,0.0,0.0,0,0.0
0.12113963812589645,2024-05-17 16:26:06.448263645+00:00,0.12070754667123158,0.12070754667123158,0.1206077883558227,9.96060950978623e-05,0,0,0.0,0.0,0.0,0,0.0
0.12086597830057144,2024-05-17 16:26:06.698247433+00:00,0.1209908053278923,0.1209908053278923,0.12055157261397081,0.00043907611626522525,0,0,0.0,0.0,0.0,0,0.0
0.12096679955720901,2024-05-17 16:26:06.948231220+00:00,0.12110602855682373,0.12110602855682373,0.12049462986322615,0.0006112382264511422,0,0,0.0,0.0,0.0,0,0.0
0.12148530781269073,2024-05-17 16:26:07.198215008+00:00,0.12101000795761745,0.12101000795761745,0.12043694245712296,0.0005729017566238805,0,0,0.0,0.0,0.0,0,0.0
0.12057791650295258,2024-05-17 16:26:07.448198795+00:00,0.12078435967365901,0.12078435967365901,0.12037851234035915,0.0004056809964875242,0,0,0.0,0.0,0.0,0,0.0
0.12028985470533371,2024-05-17 16:26:07.698182344+00:00,0.12035226821899414,0.12035226821899414,0.12031936046826251,3.273960200516661e-05,0,0,0.0,0.0,0.0,0,0.0
0.12018903344869614,2024-05-17 16:26:07.948166132+00:00,0.12019863724708557,0.12019863724708557,0.12025952068388922,-6.105251284584232e-05,0,0,0.0,0.0,0.0,0,0.0
0.12011702358722687,2024-05-17 16:26:08.198149920+00:00,0.12004980693260829,0.12004980693260829,0.12019903159787534,-0.000149393674063019,0,0,0.0,0.0,0.0,0,0.0
0.11984336376190186,2024-05-17 16:26:08.448133707+00:00,0.11997779210408528,0.11997779210408528,0.12013793042747158,-0.000160306153984461,0,0,0.0,0.0,0.0,0,0.0
0.11997298896312714,2024-05-17 16:26:08.698117495+00:00,0.119881771504879,0.119881771504879,0.12007624976562173,-0.0001946436793807345,0,0,0.0,0.0,0.0,0,0.0
0.119828961789608,2024-05-17 16:26:08.948101282+00:00,0.11993458122015,0.11993458122015,0.12001401630647161,-7.9596730052318e-05,0,0,0.0,0.0,0.0,0,0.0
0.12000179290771484,2024-05-17 16:26:09.198085070+00:00,0.11937286456425984,0.11937286456425984,0.11995124994763884,-0.0005785417537908392,0,0,0.0,0.0,0.0,0,0.0
0.1182878389954567,2024-05-17 16:26:09.448068857+00:00,0.11883995185295741,0.11883995185295741,0.11988795920776046,-0.0010481568118870114,0,0,0.0,0.0,0.0,0,0.0
0.11823022365570068,2024-05-17 16:26:09.698052406+00:00,0.11856149385372798,0.11856149385372798,0.11982413012202763,-0.0012627770245198266,1,0,0.0,0.0,0.0,0,0.0
0.11916641891002655,2024-05-17 16:26:09.948036194+00:00,0.11880634476741155,0.11880634476741155,0.11975971373982464,-0.0009534990870436989,0,0,0.0,0.0,0.0,0,0.0
0.11902239173650742,2024-05-17 16:26:10.198019981+00:00,0.11913761496543884,0.11913761496543884,0.11969462128415889,-0.0005571236925169278,0,0,0.0,0.0,0.0,0,0.0
0.11922403424978256,2024-05-17 16:26:10.448003769+00:00,0.1191712220509847,0.1191712220509847,0.11962872942258305,-0.0004576097418791308,0,0,0.0,0.0,0.0,0,0.0
0.11926724016666412,2024-05-17 16:26:10.697987556+00:00,0.11947368582089742,0.11947368582089742,0.11956189019695437,-8.828931227009975e-05,0,0,0.0,0.0,0.0,0,0.0
0.11992978304624557,2024-05-17 16:26:10.947971344+00:00,0.11973293870687485,0.11973293870687485,0.11949394125864617,0.00023893254835982702,0,0,0.0,0.0,0.0,0,0.0
0.12000179290771484,2024-05-17 16:26:11.197955132+00:00,0.12016503016153972,0.12016503016153972,0.11942471735256563,0.0007402707226393531,0,0,0.0,0.0,0.0,0,0.0
0.12056351453065872,2024-05-17 16:26:11.447938919+00:00,0.12035706887642543,0.12035706887642543,0.1193540641540011,0.0010029884041476813,0,0,0.0,0.0,0.0,0,0.0
0.12050589919090271,2024-05-17 16:26:11.697922468+00:00,0.12041948239008586,0.12041948239008586,0.11928185225680195,0.0011376427164713765,0,1,0.0011376427164713765,0.0024004197409912033,1.9998700703157994,0,0.0
0.12018903344869614,2024-05-17 16:26:11.947906256+00:00,0.11997778962055843,0.11997778962055843,0.11920798689199288,0.0007698475260675527,0,0,0.0,0.0,0.0,0,0.0
0.11923843622207642,2024-05-17 16:26:12.197890043+00:00,0.11981935799121857,0.11981935799121857,0.11913240984722812,0.000687028647559079,0,0,0.0,0.0,0.0,0,0.0
0.12003060430288315,2024-05-17 16:26:12.447873831+00:00,0.11934405813614528,0.11934405813614528,0.11905509437989294,0.00028908363476710724,0,0,0.0,0.0,0.0,0,0.0
0.11876313388347626,2024-05-17 16:26:12.697857618+00:00,0.11961771547794342,0.11961771547794342,0.11897603789581664,0.00064184067845602,0,0,0.0,0.0,0.0,0,0.0
0.12005940824747086,2024-05-17 16:26:12.947841406+00:00,0.11896477888027827,0.11896477888027827,0.11889525659249625,6.973261414002917e-05,0,0,0.0,0.0,0.0,0,0.0
0.1180717945098877,2024-05-17 16:26:13.197825193+00:00,0.1189023678501447,0.1189023678501447,0.11881278110624274,8.984847555543153e-05,0,0,0.0,0.0,0.0,0,0.0
0.11857590079307556,2024-05-17 16:26:13.447808981+00:00,0.11829263965288798,0.11829263965288798,0.11872864968557093,-0.0004356925655117621,1,0,0.0,0.0,0.0,0,0.0
0.11823022365570068,2024-05-17 16:26:13.697792530+00:00,0.11834064871072769,0.11834064871072769,0.11864289917573717,-0.0003018727872022456,0,0,0.0,0.0,0.0,0,0.0
0.11821582168340683,2024-05-17 16:26:13.947776318+00:00,0.11846547325452168,0.11846547325452168,0.11855555811380823,-8.964236301563965e-05,0,0,0.0,0.0,0.0,0,0.0
0.11895037442445755,2024-05-17 16:26:14.197760105+00:00,0.11873432993888855,0.11873432993888855,0.11846664655394688,0.0002681954257287657,0,0,0.0,0.0,0.0,0,0.0
0.11903679370880127,2024-05-17 16:26:14.447743893+00:00,0.11902238925298055,0.11902238925298055,0.11837618343395358,0.0006467922316502044,0,0,0.0,0.0,0.0,0,0.0
0.11907999962568283,2024-05-17 16:26:14.697727680+00:00,0.11929124593734741,0.11929124593734741,0.1182841984968499,0.0010077131339338808,0,1,0.0010077131339338808,0.001443405699445643,1.2499187939473746,0,0.0
0.11975694447755814,2024-05-17 16:26:14.947711468+00:00,0.1190800021092097,0.1190800021092097,0.11819074477468361,0.000890007276962724,0,0,0.0,0.0,0.0,0,0.0
0.11840306222438812,2024-05-17 16:26:15.197695255+00:00,0.11854709188143413,0.11854709188143413,0.11809590603999252,0.00045202503480563894,0,0,0.0,0.0,0.0,0,0.0
0.11748126894235611,2024-05-17 16:26:15.447679043+00:00,0.11790375659863155,0.11790375659863155,0.11799979398414938,-9.510393424142633e-05,0,0,0.0,0.0,0.0,0,0.0
0.11782693862915039,2024-05-17 16:26:15.697662830+00:00,0.11803338428338368,0.11803338428338368,0.1179025370181468,0.00013187995438403431,0,0,0.0,0.0,0.0,0,0.0
0.11879194527864456,2024-05-17 16:26:15.947646379+00:00,0.11796617011229198,0.11796617011229198,0.1178042702310801,0.00016303672548461957,0,0,0.0,0.0,0.0,0,0.0
0.11727962642908096,2024-05-17 16:26:16.197630167+00:00,0.11778373271226883,0.11778373271226883,0.11770513247227828,7.984605448167314e-05,0,0,0.0,0.0,0.0,0,0.0
0.11727962642908096,2024-05-17 16:26:16.447613955+00:00,0.11775012562672298,0.11775012562672298,0.11760526701764751,0.0001462180632887984,0,0,0.0,0.0,0.0,0,0.0
0.11869112402200699,2024-05-17 16:26:16.697597742+00:00,0.1175580844283104,0.1175580844283104,0.11750482162860038,5.4740369982501024e-05,0,0,0.0,0.0,0.0,0,0.0
0.11670350283384323,2024-05-17 16:26:16.947581530+00:00,0.11754367997248967,0.11754367997248967,0.11740394811247422,0.00014133177761112254,0,0,0.0,0.0,0.0,0,0.0
0.1172364130616188,2024-05-17 16:26:17.197565317+00:00,0.11688594023386638,0.11688594023386638,0.11730280094415962,-0.00041513451558701633,0,0,0.0,0.0,0.0,0,0.0
0.11671790480613708,2024-05-17 16:26:17.447549105+00:00,0.1170395736893018,0.1170395736893018,0.11720153309022865,-0.00016010336186118542,0,0,0.0,0.0,0.0,0,0.0
0.11716440320014954,2024-05-17 16:26:17.697532892+00:00,0.11666989823182423,0.11666989823182423,0.11710029044810247,-0.0004284031940111313,0,0,0.0,0.0,0.0,0,0.0
0.1161273866891861,2024-05-17 16:26:17.947516441+00:00,0.1167947252591451,0.1167947252591451,0.11699920837171886,-0.00020235846747982018,0,0,0.0,0.0,0.0,0,0.0
0.11709238588809967,2024-05-17 16:26:18.197500229+00:00,0.11658348143100739,0.11658348143100739,0.11689841082721364,-0.0003126670637461202,0,0,0.0,0.0,0.0,0,0.0
0.11653067171573639,2024-05-17 16:26:18.447484016+00:00,0.11669390400250752,0.11669390400250752,0.11679801112113815,-0.00010170569037917251,0,0,0.0,0.0,0.0,0,0.0
0.11645865440368652,2024-05-17 16:26:18.697467804+00:00,0.11675631751616795,0.11675631751616795,0.11669811423077303,6.074447548447319e-05,0,0,0.0,0.0,0.0,0,0.0
0.11727962642908096,2024-05-17 16:26:18.947451591+00:00,0.11695795754591624,0.11695795754591624,0.11659882156715538,0.0003618167628047767,0,0,0.0,0.0,0.0,0,0.0
0.11713559180498123,2024-05-17 16:26:19.197435379+00:00,0.11708278208971024,0.11708278208971024,0.11650023844123715,0.0005853629277933026,0,0,0.0,0.0,0.0,0,0.0
0.11683312803506851,2024-05-17 16:26:19.447419167+00:00,0.11701556791861852,0.11701556791861852,0.11640248261640403,0.0006160409451713249,0,0,0.0,0.0,0.0,0,0.0
0.11707798391580582,2024-05-17 16:26:19.697402954+00:00,0.11618499457836151,0.11618499457836151,0.11630568929936247,-0.00011760598643563609,0,0,0.0,0.0,0.0,0,0.0
0.1146438717842102,2024-05-17 16:26:19.947386503+00:00,0.11620419969161351,0.11620419969161351,0.11621000770367695,-2.5907109092629767e-06,0,0,0.0,0.0,0.0,0,0.0
0.11689074337482452,2024-05-17 16:26:20.197370291+00:00,0.11573850115140279,0.11573850115140279,0.11611559159428916,-0.000373750470806986,0,0,0.0,0.0,0.0,0,0.0
0.11568088829517365,2024-05-17 16:26:20.447354078+00:00,0.1160409649213155,0.1160409649213155,0.11602259141377295,2.1828761712341092e-05,0,0,0.0,0.0,0.0,0,0.0
0.11555126309394836,2024-05-17 16:26:20.697337866+00:00,0.11550325155258179,0.11550325155258179,0.1159311510271153,-0.0004243379474541244,0,0,0.0,0.0,0.0,0,0.0
0.11527760326862335,2024-05-17 16:26:20.947321653+00:00,0.11599775652090709,0.11599775652090709,0.11584140724927475,0.00016000631055625175,0,0,0.0,0.0,0.0,0,0.0
0.11716440320014954,2024-05-17 16:26:21.197305441+00:00,0.11600735783576965,0.11600735783576965,0.1157534921500544,0.00025760558797837774,0,0,0.0,0.0,0.0,1,6.499577728526348
0.11558006703853607,2024-05-17 16:26:21.447289228+00:00,0.11579611400763194,0.11579611400763194,0.11566753872580586,0.00013238337232216872,0,0,0.0,0.0,0.0,0,0.0
0.1146438717842102,2024-05-17 16:26:21.697273016+00:00,0.11491752912600835,0.11491752912600835,0.11558368371052573,-0.0006622951497762674,0,0,0.0,0.0,0.0,0,0.0
0.11452864855527878,2024-05-17 16:26:21.947256804+00:00,0.11456705629825592,0.11456705629825592,0.11550205989205557,-0.000931111972521834,0,0,0.0,0.0,0.0,0,0.0
0.11452864855527878,2024-05-17 16:26:22.197240353+00:00,0.11450944344202678,0.11450944344202678,0.11542278127966674,-0.0009094356480058645,0,0,0.0,0.0,0.0,0,0.0
0.11447103321552277,2024-05-17 16:26:22.447224140+00:00,0.1148599162697792,0.1148599162697792,0.11534593261346679,-0.00048212781228151137,0,0,0.0,0.0,0.0,0,0.0
0.11558006703853607,2024-05-17 16:26:22.697207928+00:00,0.1148407111565272,0.1148407111565272,0.11527156942232278,-0.00042701037589058837,0,0,0.0,0.0,0.0,0,0.0
0.11447103321552277,2024-05-17 16:26:22.947191715+00:00,0.11486951758464177,0.11486951758464177,0.11519972446362892,-0.0003264295182568534,0,0,0.0,0.0,0.0,0,0.0
0.11455745249986649,2024-05-17 16:26:23.197175503+00:00,0.11454305052757263,0.11454305052757263,0.1151304129821605,-0.0005836885612135287,0,0,0.0,0.0,0.0,0,0.0
0.11460066586732864,2024-05-17 16:26:23.447159290+00:00,0.11493193358182907,0.11493193358182907,0.11506363432750827,-0.000128166451710343,0,0,0.0,0.0,0.0,0,0.0
0.11563768237829208,2024-05-17 16:26:23.697143078+00:00,0.11496074000994365,0.11496074000994365,0.11499937393278971,-3.5278693555990115e-05,0,0,0.0,0.0,0.0,0,0.0
0.1146438717842102,2024-05-17 16:26:23.947126865+00:00,0.11495593935251236,0.11495593935251236,0.11493760863992757,2.1463944728120814e-05,0,0,0.0,0.0,0.0,0,0.0
0.11458626389503479,2024-05-17 16:26:24.197110415+00:00,0.11460546652475993,0.11460546652475993,0.11487831160882232,-0.00026998037580730006,0,0,0.0,0.0,0.0,0,0.0
0.11458626389503479,2024-05-17 16:26:24.447094202+00:00,0.11458626389503479,0.11458626389503479,0.11482145241901089,-0.00023264257917241605,0,0,0.0,0.0,0.0,0,0.0
0.11458626389503479,2024-05-17 16:26:24.697077990+00:00,0.11455745746692021,0.11455745746692021,0.11476699409198529,-0.00020736350433927245,0,0,0.0,0.0,0.0,0,0.0
0.11449984461069107,2024-05-17 16:26:24.947061777+00:00,0.11452385038137436,0.11452385038137436,0.11471489127888926,-0.00018929857857461076,0,0,0.0,0.0,0.0,0,0.0
0.11448544263839722,2024-05-17 16:26:25.197045565+00:00,0.11426459501187007,0.11426459501187007,0.11466508996960138,-0.00039924541709704224,0,0,0.0,0.0,0.0,0,0.0
0.11380849778652191,2024-05-17 16:26:25.447029352+00:00,0.11401494095722835,0.11401494095722835,0.1146175256137915,-0.0006018939348020777,0,0,0.0,0.0,0.0,0,0.0
0.1137508824467659,2024-05-17 16:26:25.697013140+00:00,0.11376048624515533,0.11376048624515533,0.11457211794034093,-0.0008115699432838502,0,0,0.0,0.0,0.0,0,0.0
0.11372207850217819,2024-05-17 16:26:25.946996927+00:00,0.11363565921783447,0.11363565921783447,0.11452876393032234,-0.0008937462168429334,0,0,0.0,0.0,0.0,0,0.0
0.11343401670455933,2024-05-17 16:26:26.196980476+00:00,0.11391411970059077,0.11391411970059077,0.11448733238960103,-0.0005746358723689908,0,0,0.0,0.0,0.0,0,0.0
0.11458626389503479,2024-05-17 16:26:26.446964264+00:00,0.11422618478536606,0.11422618478536606,0.1144476641970492,-0.00022376680719383112,0,0,0.0,0.0,0.0,0,0.0
0.11465827375650406,2024-05-17 16:26:26.696948051+00:00,0.1143366073568662,0.1143366073568662,0.11440957930853697,-7.62101470600015e-05,0,0,0.0,0.0,0.0,0,0.0
0.11376528441905975,2024-05-17 16:26:26.946931839+00:00,0.11431260158618291,0.11431260158618291,0.11437288608464492,-6.456404719168635e-05,0,0,0.0,0.0,0.0,0,0.0
0.11451424658298492,2024-05-17 16:26:27.196915627+00:00,0.11427419384320577,0.11427419384320577,0.11433738764152852,-6.860909442823039e-05,0,0,0.0,0.0,0.0,0,0.0
0.11454305052757263,2024-05-17 16:26:27.446899414+00:00,0.11452864855527878,0.11452864855527878,0.11430288494618837,0.00021911449593053618,0,0,0.0,0.0,0.0,0,0.0
0.11452864855527878,2024-05-17 16:26:27.696883202+00:00,0.11454305052757263,0.11454305052757263,0.1142691801178916,0.00026588594243847935,0,0,0.0,0.0,0.0,0,0.0
0.11455745249986649,2024-05-17 16:26:27.946866989+00:00,0.11428859829902649,0.11428859829902649,0.11423608049228348,4.309323643101053e-05,0,0,0.0,0.0,0.0,0,0.0
0.1137796938419342,2024-05-17 16:26:28.196850777+00:00,0.11427419632673264,0.11427419632673264,0.11420339998992407,5.9824008836358825e-05,0,0,0.0,0.0,0.0,0,0.0
0.11448544263839722,2024-05-17 16:26:28.446834326+00:00,0.11401014029979706,0.11401014029979706,0.11417095672140047,-0.00017344670612573076,0,0,0.0,0.0,0.0,0,0.0
0.11376528441905975,2024-05-17 16:26:28.696818113+00:00,0.11401014029979706,0.11401014029979706,0.11413856912375238,-0.0001428293878649574,0,0,0.0,0.0,0.0,0,0.0
0.1137796938419342,2024-05-17 16:26:28.946801901+00:00,0.11378449201583862,0.11378449201583862,0.11410605214502255,-0.00033784493567369175,0,0,0.0,0.0,0.0,0,0.0
0.11380849778652191,2024-05-17 16:26:29.196785688+00:00,0.11403894672791164,0.11403894672791164,0.11407321438753523,-5.255176113816261e-05,0,0,0.0,0.0,0.0,0,0.0
0.11452864855527878,2024-05-17 16:26:29.446769476+00:00,0.11428859829902649,0.11428859829902649,0.11403985851607083,0.00022834086766932641,0,0,0.0,0.0,0.0,0,0.0
0.11452864855527878,2024-05-17 16:26:29.696753263+00:00,0.11451904724041621,0.11451904724041621,0.11400578692844467,0.000490631297033209,0,0,0.0,0.0,0.0,0,0.0
0.11449984461069107,2024-05-17 16:26:29.946737051+00:00,0.11452864855527878,0.11452864855527878,0.11397081070567826,0.0005328644617754783,0,0,0.0,0.0,0.0,0,0.0
0.11455745249986649,2024-05-17 16:26:30.196720839+00:00,0.11427419384320577,0.11427419384320577,0.11393475667912756,0.0003120070075453024,0,0,0.0,0.0,0.0,0,0.0
0.11376528441905975,2024-05-17 16:26:30.446704388+00:00,0.11427899450063705,0.11427899450063705,0.11389746928172549,0.00035152872936009076,0,0,0.0,0.0,0.0,0,0.0
0.11451424658298492,2024-05-17 16:26:30.696688175+00:00,0.11428379515806834,0.11428379515806834,0.11385880898568003,0.0003923176647100088,0,0,0.0,0.0,0.0,0,0.0
0.11457185447216034,2024-05-17 16:26:30.946671963+00:00,0.11427419384320577,0.11427419384320577,0.11381865141598015,0.00042010124095800673,0,0,0.0,0.0,0.0,0,0.0
0.11373648047447205,2024-05-17 16:26:31.196655750+00:00,0.11401973913113277,0.11401973913113277,0.113776887636886,0.00020454324077481345,0,0,0.0,0.0,0.0,0,0.0
0.1137508824467659,2024-05-17 16:26:31.446639538+00:00,0.11375568558772405,0.11375568558772405,0.11373342255073979,-1.8999047686293166e-05,0,0,0.0,0.0,0.0,0,0.0
0.1137796938419342,2024-05-17 16:26:31.696623325+00:00,0.11377009004354477,0.11377009004354477,0.11368817029235809,3.762615786093294e-05,0,0,0.0,0.0,0.0,0,0.0
0.1137796938419342,2024-05-17 16:26:31.946607113+00:00,0.1140149434407552,0.1140149434407552,0.11364105038584582,0.00032650093634973616,0,0,0.0,0.0,0.0,0,0.0
0.11448544263839722,2024-05-17 16:26:32.196590900+00:00,0.11398133635520935,0.11398133635520935,0.11359198880773878,0.0003388022376705416,0,0,0.0,0.0,0.0,0,0.0
0.11367887258529663,2024-05-17 16:26:32.446574450+00:00,0.11396213124195735,0.11396213124195735,0.11354092242679602,0.0003674698062576092,0,0,0.0,0.0,0.0,0,0.0
0.11372207850217819,2024-05-17 16:26:32.696558237+00:00,0.11371247718731563,0.11371247718731563,0.1134878019848666,0.00016771807221826107,0,0,0.0,0.0,0.0,0,0.0
0.11373648047447205,2024-05-17 16:26:32.946542025+00:00,0.11376528690258662,0.11376528690258662,0.11343259177965578,0.00027251358371982773,0,0,0.0,0.0,0.0,0,0.0
0.11383730173110962,2024-05-17 16:26:33.196525812+00:00,0.11376528690258662,0.11376528690258662,0.11337526836177722,0.00032662661079030267,0,0,0.0,0.0,0.0,0,0.0
0.11372207850217819,2024-05-17 16:26:33.446509600+00:00,0.11374608427286148,0.11374608427286148,0.11331582092400559,0.00036369764580502015,0,0,0.0,0.0,0.0,0,0.0
0.11367887258529663,2024-05-17 16:26:33.696493387+00:00,0.11346282561620076,0.11346282561620076,0.11325425253722227,0.00013889523600049683,0,0,0.0,0.0,0.0,0,0.0
0.11298752576112747,2024-05-17 16:26:33.946477175+00:00,0.11316036184628804,0.11316036184628804,0.1131905788477779,-0.00010291779973436592,0,0,0.0,0.0,0.0,0,0.0
0.11281468719244003,2024-05-17 16:26:34.196460962+00:00,0.11304513613382976,0.11304513613382976,0.11312482303515597,-0.00015529126428710148,0,0,0.0,0.0,0.0,0,0.0
0.11333319544792175,2024-05-17 16:26:34.446444511+00:00,0.11316035936276118,0.11316035936276118,0.11305701034644255,2.4993454070099943e-05,0,0,0.0,0.0,0.0,0,0.0
0.11333319544792175,2024-05-17 16:26:34.696428299+00:00,0.1132995883623759,0.1132995883623759,0.11298716682779326,0.00023150299239470707,0,0,0.0,0.0,0.0,0,0.0
0.11323237419128418,2024-05-17 16:26:34.946412086+00:00,0.11340040961901347,0.11340040961901347,0.11291532330428167,0.0004018318491022379,0,0,0.0,0.0,0.0,0,0.0
0.11363565921783447,2024-05-17 16:26:35.196395874+00:00,0.11321317156155904,0.11321317156155904,0.11284152137011505,0.00028632877620729774,0,0,0.0,0.0,0.0,0,0.0
0.11277148127555847,2024-05-17 16:26:35.446379662+00:00,0.11309794833262761,0.11309794833262761,0.11276581711010976,0.00024505691727624824,1,0,0.0,0.0,0.0,0,0.0
0.1128867045044899,2024-05-17 16:26:35.696363449+00:00,0.11310755213101704,0.11310755213101704,0.11268828145271585,0.0003308058747857535,0,0,0.0,0.0,0.0,0,0.0
0.11366447061300278,2024-05-17 16:26:35.946347237+00:00,0.11340521524349849,0.11340521524349849,0.11260900066391404,0.0007067733139131268,0,1,0.0007067733139131268,0.00046171639663687854,0.49996751757894986,0,0.0
0.11366447061300278,2024-05-17 16:26:36.196331024+00:00,0.11308834950129192,0.11308834950129192,0.11252807997602415,0.0004703208422231538,0,0,0.0,0.0,0.0,1,0.24998375878947493
0.11193610727787018,2024-05-17 16:26:36.446314812+00:00,0.11308834950129192,0.11308834950129192,0.11244564766011969,0.0005527731946524116,0,0,0.0,0.0,0.0,0,0.0
0.11366447061300278,2024-05-17 16:26:36.696298361+00:00,0.1128338947892189,0.1128338947892189,0.11236185583202986,0.0003827196288873437,0,0,0.0,0.0,0.0,0,0.0
0.11290110647678375,2024-05-17 16:26:36.946282148+00:00,0.11284829676151276,0.11284829676151276,0.11227687889062188,0.0004833623870334713,0,0,0.0,0.0,0.0,0,0.0
0.11197931319475174,2024-05-17 16:26:37.196265936+00:00,0.11231058339277904,0.11231058339277904,0.11219091117248335,3.360374390917384e-05,0,0,0.0,0.0,0.0,0,0.0
0.1120513305068016,2024-05-17 16:26:37.446249723+00:00,0.11180647710959117,0.11180647710959117,0.1121041616431924,-0.0003809708599065787,0,0,0.0,0.0,0.0,0,0.0
0.11138878762722015,2024-05-17 16:26:37.696233511+00:00,0.11227697630723317,0.11227697630723317,0.11201684533193305,0.0001804971869389126,0,0,0.0,0.0,0.0,0,0.0
0.11339081078767776,2024-05-17 16:26:37.946217299+00:00,0.11224336922168732,0.11224336922168732,0.11192917874193109,0.0002391580206377393,0,0,0.0,0.0,0.0,0,0.0
0.11195050925016403,2024-05-17 16:26:38.196201086+00:00,0.11252182722091675,0.11252182722091675,0.11184138415838729,0.0006110421448460873,0,0,0.0,0.0,0.0,0,0.0
0.11222416162490845,2024-05-17 16:26:38.446184874+00:00,0.11170085519552231,0.11170085519552231,0.11175369648601928,-0.0001154961931495019,0,0,0.0,0.0,0.0,0,0.0
0.11092789471149445,2024-05-17 16:26:38.696168423+00:00,0.11172966162363689,0.11172966162363689,0.11166636361731563,8.590477934626172e-06,0,0,0.0,0.0,0.0,0,0.0
0.11203692853450775,2024-05-17 16:26:38.946152210+00:00,0.1114896113673846,0.1114896113673846,0.11157964031110984,-0.0001354984875412031,0,0,0.0,0.0,0.0,0,0.0
0.11150401085615158,2024-05-17 16:26:39.196135998+00:00,0.11148000756899516,0.11148000756899516,0.11149378245783,-4.8624525920472144e-05,0,0,0.0,0.0,0.0,0,0.0
0.11089908331632614,2024-05-17 16:26:39.446119785+00:00,0.11095669617255528,0.11095669617255528,0.11140904392934345,-0.0004751025462246576,0,0,0.0,0.0,0.0,0,0.0
0.11046699434518814,2024-05-17 16:26:39.696103573+00:00,0.11094709485769272,0.11094709485769272,0.11132567248078548,-0.0003876683048885351,0,0,0.0,0.0,0.0,0,0.0
0.11147520691156387,2024-05-17 16:26:39.946087360+00:00,0.11089908579985301,0.11089908579985301,0.11124390462617346,-0.0003385809839357638,0,0,0.0,0.0,0.0,0,0.0
0.110755056142807,2024-05-17 16:26:40.196071148+00:00,0.11097110062837601,0.11097110062837601,0.11116396337885123,-0.00016953649601938304,0,0,0.0,0.0,0.0,0,0.0
0.11068303883075714,2024-05-17 16:26:40.446054935+00:00,0.11058702071507771,0.11058702071507771,0.11108605911085273,-0.0004567686413276148,0,0,0.0,0.0,0.0,0,0.0
0.110322967171669,2024-05-17 16:26:40.696038485+00:00,0.11095189799865086,0.11095189799865086,0.1110103903543158,4.6702621993849195e-06,0,0,0.0,0.0,0.0,0,0.0
0.11184968799352646,2024-05-17 16:26:40.946022272+00:00,0.1107070470849673,0.1107070470849673,0.11093714474279892,-0.00014400018604466755,0,0,0.0,0.0,0.0,0,0.0
0.10994848608970642,2024-05-17 16:26:41.196006060+00:00,0.11090388894081116,0.11090388894081116,0.11086650175487003,0.0001485516826367805,0,0,0.0,0.0,0.0,0,0.0
0.11091349273920059,2024-05-17 16:26:41.445989847+00:00,0.11015013108650844,0.11015013108650844,0.11079863464488698,-0.0005100530078748944,0,0,0.0,0.0,0.0,0,0.0
0.10958841443061829,2024-05-17 16:26:41.695973635+00:00,0.11053901414076488,0.11053901414076488,0.11073370822562453,-2.6655873482155985e-05,0,0,0.0,0.0,0.0,0,0.0
0.11111513525247574,2024-05-17 16:26:41.945957422+00:00,0.11054381479819615,0.11054381479819615,0.11067187568740054,7.194384684819693e-05,0,0,0.0,0.0,0.0,0,0.0
0.11092789471149445,2024-05-17 16:26:42.195941210+00:00,0.11064943671226501,0.11064943671226501,0.11061328021224007,0.0002705774305405669,0,0,0.0,0.0,0.0,0,0.0
0.10990528017282486,2024-05-17 16:26:42.445924997+00:00,0.11060622582832973,0.11060622582832973,0.11055806021051263,0.00031951554794764004,0,0,0.0,0.0,0.0,0,0.0
0.11098550260066986,2024-05-17 16:26:42.695908785+00:00,0.10988607505957286,0.10988607505957286,0.11050635190644043,-0.0003094309603349891,0,0,0.0,0.0,0.0,0,0.0
0.10876744240522385,2024-05-17 16:26:42.945892334+00:00,0.109852467974027,0.109852467974027,0.11045828489784124,-0.00025286436490619803,0,0,0.0,0.0,0.0,0,0.0
0.10980445891618729,2024-05-17 16:26:43.195876122+00:00,0.10897388557593028,0.10897388557593028,0.11041397125692327,-0.0010423838733695082,0,0,0.0,0.0,0.0,0,0.0
0.1083497554063797,2024-05-17 16:26:43.445859909+00:00,0.10936756680409114,0.10936756680409114,0.11037349247954158,-0.000560813686886472,0,0,0.0,0.0,0.0,0,0.0
0.10994848608970642,2024-05-17 16:26:43.695843697+00:00,0.10911791274944942,0.10911791274944942,0.11033688973480776,-0.000723790738361203,0,0,0.0,0.0,0.0,0,0.0
0.10905549675226212,2024-05-17 16:26:43.945827484+00:00,0.10920913020769756,0.10920913020769756,0.11030416042030455,-0.0005471195023111819,0,0,0.0,0.0,0.0,0,0.0
0.10862340778112411,2024-05-17 16:26:44.195811272+00:00,0.10917552312215169,0.10917552312215169,0.11027525843641141,-0.000496482734826213,0,0,0.0,0.0,0.0,0,0.0
0.10984766483306885,2024-05-17 16:26:44.445795059+00:00,0.10918032626310985,0.10918032626310985,0.11025009498866252,-0.0004086106057346449,0,0,0.0,0.0,0.0,0,0.0
0.10906990617513657,2024-05-17 16:26:44.695778847+00:00,0.1094491829474767,0.1094491829474767,0.11022854017154486,-5.780667131607221e-05,0,0,0.0,0.0,0.0,0,0.0
0.1094299778342247,2024-05-17 16:26:44.945762396+00:00,0.10930995394786198,0.10930995394786198,0.11021042612630455,-0.00011614432883374213,0,0,0.0,0.0,0.0,0,0.0
